{"entities":{"pages":{"Как-связать-ваш-Bitrix-с-Avatarex":{"id":"Как-связать-ваш-Bitrix-с-Avatarex","title":"Как связать ваш Bitrix с Avatarex","url":"как-связать-ваш-bitrix-с-avatarex.html","level":0,"tabIndex":0},"Как-настроить-бота-в-Bitrix-на-примере-Telegram":{"id":"Как-настроить-бота-в-Bitrix-на-примере-Telegram","title":"Как привязать бота Avatarex в Bitrix на примере Telegram","url":"как-настроить-бота-в-bitrix-на-примере-telegram.html","level":0,"tabIndex":1}}},"topLevelIds":["Как-связать-ваш-Bitrix-с-Avatarex","Как-настроить-бота-в-Bitrix-на-примере-Telegram"]}